{"name":"142589ce-5a58-4297-9b19-1b078c8b0437","id":"/providers/Microsoft.Flow/flows/142589ce-5a58-4297-9b19-1b078c8b0437","type":"Microsoft.Flow/flows","properties":{"apiId":"/providers/Microsoft.PowerApps/apis/shared_logicflows","displayName":"Twilio","definition":{"metadata":{"workflowEntityId":null,"processAdvisorMetadata":null,"flowChargedByPaygo":null,"flowclientsuspensionreason":"None","flowclientsuspensiontime":null,"flowclientsuspensionreasondetails":null,"creator":{"id":"0a1c0b9b-07ec-405c-b245-53df4d841cfe","type":"User","tenantId":"24801c3b-daac-482d-be75-3fc1756e201b"},"provisioningMethod":"FromDefinition","failureAlertSubscription":true,"clientLastModifiedTime":"2025-07-10T00:46:52.2376952Z","connectionKeySavedTimeKey":"2025-09-11T11:20:01.4844296Z","creationSource":null},"$schema":"https://schema.management.azure.com/providers/Microsoft.Logic/schemas/2016-06-01/workflowdefinition.json#","contentVersion":"1.0.0.0","parameters":{"$connections":{"defaultValue":{},"type":"Object"},"$authentication":{"defaultValue":{},"type":"SecureObject"}},"triggers":{"manual":{"metadata":{"operationMetadataId":"31a75f97-043b-470e-a339-002806485dd3"},"type":"Request","kind":"PowerAppV2","inputs":{"schema":{"type":"object","properties":{},"required":[]}}}},"actions":{"Send_Text_Message_(SMS)":{"runAfter":{},"metadata":{"operationMetadataId":"a250f43d-5948-4e92-ad5c-dfd3e533f998"},"type":"OpenApiConnection","inputs":{"host":{"apiId":"/providers/Microsoft.PowerApps/apis/shared_twilio","connectionName":"shared_twilio","operationId":"SendMessage"},"parameters":{"sendMessageRequest/from":"+19472433298","sendMessageRequest/to":"+919647570994","sendMessageRequest/body":"Hey is it working ?"},"authentication":{"value":"@json(decodeBase64(triggerOutputs().headers['X-MS-APIM-Tokens']))['$ConnectionKey']","type":"Raw"}}}}},"connectionReferences":{"shared_twilio":{"connectionName":"shared-twilio-fc3a2f78-9ab3-4cc4-8f72-7f7965364709","source":"Invoker","id":"/providers/Microsoft.PowerApps/apis/shared_twilio","tier":"NotSpecified","apiName":"twilio","isProcessSimpleApiReferenceConversionAlreadyDone":false}},"flowFailureAlertSubscribed":false,"isManaged":false}}