{"schemaVersion":"1.0","appDefinitionTemplate":{"id":"/providers/Microsoft.PowerApps/apps/","type":"Microsoft.PowerApps/apps","tags":{"primaryDeviceWidth":"640","primaryDeviceHeight":"1136","supportsPortrait":"true","supportsLandscape":"true","primaryFormFactor":"Phone","showStatusBar":"false","publisherVersion":"3.25065.7","minimumRequiredApiVersion":"2.2.0","hasComponent":"false","hasUnlockedComponent":"false","isUnifiedRootApp":"false","sienaVersion":"20250710T005251Z-3.25065.7.0"},"properties":{"appVersion":"2025-07-10T11:58:06Z","lifeCycleId":"Published","createdByClientVersion":{"major":3,"minor":25065,"build":7,"revision":0,"majorRevision":0,"minorRevision":0},"minClientVersion":{"major":3,"minor":25065,"build":7,"revision":0,"majorRevision":0,"minorRevision":0},"backgroundColor":"rgba(109, 49, 162, 1)","backgroundImageUri":"/12269079318092909412/N1c8ed6e6-2109-4c53-8ba4-9346e79a76cc-logoSmallFile","displayName":"Protector","commitMessage":"","appUris":{"documentUri":{"value":"/12269079318092909412/N1e7b89cf-c5a4-4e62-be05-d95c404127e9-document.msapp"},"imageUris":[],"additionalUris":[{"isSolutionAware":false,"value":"/12269079318092909412/N2fb04455-4c8a-4f93-8d32-567eb78b2c35-identity.json"}]},"createdTime":"0001-01-01T00:00:00Z","lastModifiedTime":"0001-01-01T00:00:00Z","sharedGroupsCount":0,"sharedUsersCount":0,"connectionReferences":{"7bea32f7-fa19-4aff-a60d-8bdf527a9ed4":{"id":"fb703b4a-41dc-41ae-8983-8a40dc9d61b3","displayName":"SharePoint","iconUri":"https://conn-afd-prod-endpoint-bmc9bqahasf3grgk.b01.azurefd.net/v1.0.1754/1.0.1754.4231/sharepointonline/icon.png","dataSources":["SafetyReports"],"dependencies":[],"dependents":[],"parameterHints":{},"parameterHintsV2":{},"isOnPremiseConnection":false,"bypassConsent":false,"dataSets":{"https://880052.sharepoint.com/sites/FoodSurplusTracker":{"dataSources":{"SafetyReports":{"tableName":"c8a91faa-8e17-4479-9e78-909ddd175ead"}}}},"apiTier":"Standard","isCustomApiConnection":false,"actions":["providers/PowerPlatform.Governance/Operations/Read","providers/PowerPlatform.Governance/Operations/Write"]},"1a55e4e1-7b34-4d4a-a578-f48345014181":{"id":"13989a5a-b6f5-4db2-b4cc-3016120f4d00","displayName":"Logic flows","iconUri":"https://conn-afd-prod-endpoint-bmc9bqahasf3grgk.b01.azurefd.net/v1.0.1752/1.0.1752.4216/logicflows/icon.png","dataSources":["Twilio"],"dependencies":["ab5c3dc0-6e84-4668-9140-c0b2e6c96725"],"dependents":[],"parameterHints":{"workflowName":{"value":"74955996-2ff0-496c-985d-dcb95594b0dc"},"workflowEntityId":{},"workflowDisplayName":{"value":"Twilio"},"ab5c3dc0-6e84-4668-9140-c0b2e6c96725":{"value":"shared_twilio"}},"parameterHintsV2":{"workflowName":{"value":"74955996-2ff0-496c-985d-dcb95594b0dc"},"workflowEntityId":{},"workflowDisplayName":{"value":"Twilio"},"shared_twilio":{"value":"ab5c3dc0-6e84-4668-9140-c0b2e6c96725"}},"isOnPremiseConnection":false,"bypassConsent":false,"dataSets":{},"apiTier":"Standard","isCustomApiConnection":false,"actions":["Run"],"nestedActions":[{"id":"/providers/Microsoft.PowerApps/apis/shared_twilio/apiOperations/SendMessage","flowConnectionRef":"shared_twilio","apiName":"Twilio","actionName":"SendMessage","referencedResources":[]}]},"ab5c3dc0-6e84-4668-9140-c0b2e6c96725":{"id":"bbc8e6b1-fd13-417e-a194-81583c0b523d","displayName":"Twilio","runtimePolicyName":"a195c468-c8dc-46e0-8ad8-328c6be38977","executionRestrictions":{"version":1,"modifiedOn":"2025-07-10 11:58:04","appVer":"3.25065.7","apiId":"unknown","policy":"{\"type\":\"unused\"}"},"iconUri":"https://conn-afd-prod-endpoint-bmc9bqahasf3grgk.b01.azurefd.net/releases/v1.0.1690/1.0.1690.3719/twilio/icon.png","dataSources":[],"dependencies":[],"dependents":["1a55e4e1-7b34-4d4a-a578-f48345014181"],"parameterHints":{},"parameterHintsV2":{},"isOnPremiseConnection":false,"sharedConnectionId":"a497fcba-f3c9-4f2d-9f32-f7914629beb8","bypassConsent":false,"dataSets":{},"apiTier":"Standard","isCustomApiConnection":false}},"databaseReferences":{},"almMode":"Environment","performanceOptimizationEnabled":true,"canConsumeAppPass":true,"enableModernRuntimeMode":false,"executionRestrictions":{"isTeamsOnly":false,"dataLossPreventionEvaluationResult":{"status":"Compliant","lastEvaluationDate":"2025-07-10T11:58:26.6531514Z","violations":[],"violationsByPolicy":[],"violationErrorMessage":"The app uses the following connectors: shared_sharepointonline, shared_logicflows, shared_twilio."},"httpActionRestriction":{"appUsesSharepointHttpAction":false,"enforcementStrategy":"Legacy","evaluationTime":"2025-07-10T11:58:26.6530504Z"}}},"isAppComponentLibrary":false,"appType":"ClassicCanvasApp","appComponents":[]}}